account_id,username,profile_url,time_unfollowed
2077685663,ninja,https://www.instagram.com/ninja,2019-04-23 00:10:25.004742
account_id,username,profile_url,time_unfollowed
2309226591,abdul.rafay_11,https://www.instagram.com/abdul.rafay_11,2019-04-23 00:17:06.621216
4617168904,theofficialgibbay,https://www.instagram.com/theofficialgibbay,2019-04-23 00:17:29.707062
9313445805,andersonpsgames,https://www.instagram.com/andersonpsgames,2019-04-23 00:17:52.759326
1585366280,the_wolfe_pac,https://www.instagram.com/the_wolfe_pac,2019-04-23 00:18:16.176439
8694355831,aresthevillain,https://www.instagram.com/aresthevillain,2019-04-23 00:18:39.298705
1287142755,playstationinfo.access,https://www.instagram.com/playstationinfo.access,2019-04-23 00:19:02.659841
1421777549,jammyjimjay,https://www.instagram.com/jammyjimjay,2019-04-23 00:19:25.837857
911423265,realhksmash,https://www.instagram.com/realhksmash,2019-04-23 00:19:48.860020
7351697449,dekori_5513,https://www.instagram.com/dekori_5513,2019-04-23 00:20:12.365913
1552640041,jsmondays,https://www.instagram.com/jsmondays,2019-04-23 00:20:35.288431
4147126296,guntursyabani,https://www.instagram.com/guntursyabani,2019-04-23 00:20:58.782295
4096995350,shazad_khan11,https://www.instagram.com/shazad_khan11,2019-04-23 00:21:21.463217
1373073413,_frank.1k,https://www.instagram.com/_frank.1k,2019-04-23 00:21:44.458556
2206846979,jacobray.jpeg,https://www.instagram.com/jacobray.jpeg,2019-04-23 00:22:07.819802
1183285299,nphoangminh,https://www.instagram.com/nphoangminh,2019-04-23 00:22:30.909827
1670543406,camtheman1215,https://www.instagram.com/camtheman1215,2019-04-23 00:22:54.064009
account_id,username,profile_url,time_unfollowed
account_id,username,profile_url,time_unfollowed
account_id,username,profile_url,time_unfollowed
5647463528,succcccccccccccc,https://www.instagram.com/succcccccccccccc,2019-04-23 18:28:01.176273
account_id,username,profile_url,time_unfollowed
account_id,username,profile_url,time_unfollowed
account_id,username,profile_url,time_unfollowed
4200784804,saklain_1169only,https://www.instagram.com/saklain_1169only,2019-05-19 12:43:01.596121
9715755542,gamingstash,https://www.instagram.com/gamingstash,2019-05-19 12:43:24.790146
5789849871,blazercentral9212,https://www.instagram.com/blazercentral9212,2019-05-19 12:43:47.520108
account_id,username,profile_url,time_unfollowed
account_id,username,profile_url,time_unfollowed
6028396218,idr1ve07,https://www.instagram.com/idr1ve07,2019-05-19 12:50:20.820126
4976633551,darkwice1,https://www.instagram.com/darkwice1,2019-05-19 12:50:50.546983
8741977361,theisaacbw35,https://www.instagram.com/theisaacbw35,2019-05-19 12:51:19.753793
account_id,username,profile_url,time_unfollowed
6028396218,idr1ve07,https://www.instagram.com/idr1ve07,2019-05-19 13:01:45.855150
4976633551,darkwice1,https://www.instagram.com/darkwice1,2019-05-19 13:02:15.379412
8741977361,theisaacbw35,https://www.instagram.com/theisaacbw35,2019-05-19 13:02:45.450626
2895962071,yoisted,https://www.instagram.com/yoisted,2019-05-19 13:03:14.690158
7326707861,memesnite,https://www.instagram.com/memesnite,2019-05-19 13:03:44.073069
7333297515,rose.clout,https://www.instagram.com/rose.clout,2019-05-19 13:04:13.348618
8194557982,_luxurylifestyle4u,https://www.instagram.com/_luxurylifestyle4u,2019-05-19 13:04:42.183361
1530727361,daelithe,https://www.instagram.com/daelithe,2019-05-19 13:05:11.371925
3263744697,dangerousdory,https://www.instagram.com/dangerousdory,2019-05-19 13:05:40.476490
6294480968,red__assasin,https://www.instagram.com/red__assasin,2019-05-19 13:06:09.622496
8059681852,realacegaming,https://www.instagram.com/realacegaming,2019-05-19 13:06:34.352514
1371694639,myagi319,https://www.instagram.com/myagi319,2019-05-19 13:07:00.323788
6097877653,krazed.gg,https://www.instagram.com/krazed.gg,2019-05-19 13:07:24.950626
261836801,jmels14,https://www.instagram.com/jmels14,2019-05-19 13:07:51.005472
1913385277,nocturnal_tv_,https://www.instagram.com/nocturnal_tv_,2019-05-19 13:08:15.627742
8510407395,quantum_trigg3r,https://www.instagram.com/quantum_trigg3r,2019-05-19 13:08:41.335861
365730967,nickthawolf,https://www.instagram.com/nickthawolf,2019-05-19 13:09:10.599348
1490923508,xxrene95,https://www.instagram.com/xxrene95,2019-05-19 13:09:39.922480
7993652491,hid.clips,https://www.instagram.com/hid.clips,2019-05-19 13:10:12.785098
6665979397,tft_reaper,https://www.instagram.com/tft_reaper,2019-05-19 13:10:41.915945
8970709431,teamsolorush,https://www.instagram.com/teamsolorush,2019-05-19 13:11:11.056394
6621900250,azoqis,https://www.instagram.com/azoqis,2019-05-19 13:11:36.537821
8904374781,mfg_mobile_clan,https://www.instagram.com/mfg_mobile_clan,2019-05-19 13:12:02.500789
5693277166,vxlegacy,https://www.instagram.com/vxlegacy,2019-05-19 13:12:27.149180
9011228315,lemburglar,https://www.instagram.com/lemburglar,2019-05-19 13:12:53.097341
8741611443,theendlessclan,https://www.instagram.com/theendlessclan,2019-05-19 13:13:22.351534
6561847890,gottwixx,https://www.instagram.com/gottwixx,2019-05-19 13:13:51.581724
2296295784,uggowhiteboy,https://www.instagram.com/uggowhiteboy,2019-05-19 13:14:20.670730
4358690413,iucldreams,https://www.instagram.com/iucldreams,2019-05-19 13:14:49.868610
8170058175,thefranc0,https://www.instagram.com/thefranc0,2019-05-19 13:15:19.742934
8979526057,bo4_and_more,https://www.instagram.com/bo4_and_more,2019-05-19 13:15:50.791244
6583293694,knuxpro,https://www.instagram.com/knuxpro,2019-05-19 13:16:19.868197
8963885770,greatgonesgg,https://www.instagram.com/greatgonesgg,2019-05-19 13:16:53.444787
21767073,patrickdugan,https://www.instagram.com/patrickdugan,2019-05-19 13:17:22.895604
5044966622,melosworld07,https://www.instagram.com/melosworld07,2019-05-19 13:17:52.304197
215251883,delutedsoul,https://www.instagram.com/delutedsoul,2019-05-19 13:18:21.286986
8231053736,itzjb2,https://www.instagram.com/itzjb2,2019-05-19 13:18:50.431014
7463155318,itslx_,https://www.instagram.com/itslx_,2019-05-19 13:19:19.695003
303713939,jillgewirtz,https://www.instagram.com/jillgewirtz,2019-05-19 13:19:48.982414
2115630341,thehurricanemixer,https://www.instagram.com/thehurricanemixer,2019-05-19 13:20:18.577848
2341446609,woodstockpsychic,https://www.instagram.com/woodstockpsychic,2019-05-19 13:20:47.775820
5537232045,thomascivile,https://www.instagram.com/thomascivile,2019-05-19 13:21:17.056291
4458678307,spaghettiillusion,https://www.instagram.com/spaghettiillusion,2019-05-19 13:21:46.403254
7021541,zioandsons,https://www.instagram.com/zioandsons,2019-05-19 13:22:15.586120
4990416129,amazinglashstudiowoodbury,https://www.instagram.com/amazinglashstudiowoodbury,2019-05-19 13:22:45.554298
8730895259,main_squeeze_ciders,https://www.instagram.com/main_squeeze_ciders,2019-05-19 13:23:14.479243
260474568,simplebeauty_boutique,https://www.instagram.com/simplebeauty_boutique,2019-05-19 13:23:43.676531
244234454,annmariesellars,https://www.instagram.com/annmariesellars,2019-05-19 13:24:12.954885
1767978710,suburbansit,https://www.instagram.com/suburbansit,2019-05-19 13:24:42.278747
7297262612,hudson_and_state,https://www.instagram.com/hudson_and_state,2019-05-19 13:25:11.532409
3467447532,the715hudson,https://www.instagram.com/the715hudson,2019-05-19 13:25:40.829439
8122249928,olympicpeninsularowing,https://www.instagram.com/olympicpeninsularowing,2019-05-19 13:26:09.893609
197294406,jkass00,https://www.instagram.com/jkass00,2019-05-19 13:26:38.965431
4433751118,kindermusikatwesternreserve,https://www.instagram.com/kindermusikatwesternreserve,2019-05-19 13:27:08.271433
46147241,michaelraun,https://www.instagram.com/michaelraun,2019-05-19 13:27:37.618450
380370204,perezdel2013,https://www.instagram.com/perezdel2013,2019-05-19 13:28:06.818427
8461443628,namecrayons,https://www.instagram.com/namecrayons,2019-05-19 13:28:36.295577
3146289220,eileenthorntonrenda,https://www.instagram.com/eileenthorntonrenda,2019-05-19 13:29:05.409759
7458419895,csn_replayz,https://www.instagram.com/csn_replayz,2019-05-19 13:29:34.806669
8162908507,projecteti,https://www.instagram.com/projecteti,2019-05-19 13:30:04.169961
5642962622,sladetv1020,https://www.instagram.com/sladetv1020,2019-05-19 13:30:33.278255
4331773377,b6llcam,https://www.instagram.com/b6llcam,2019-05-19 13:31:02.581251
7509447084,danksquidd,https://www.instagram.com/danksquidd,2019-05-19 13:31:27.222594
8417198641,jabby_xbl,https://www.instagram.com/jabby_xbl,2019-05-19 13:31:53.227500
5470309074,fortnite.ip,https://www.instagram.com/fortnite.ip,2019-05-19 13:32:22.431339
5711316515,a9.h8snap,https://www.instagram.com/a9.h8snap,2019-05-19 13:32:54.132741
5396647520,ag00dname,https://www.instagram.com/ag00dname,2019-05-19 13:33:23.207442
8893829653,princessgunnerr,https://www.instagram.com/princessgunnerr,2019-05-19 13:33:52.593743
6993676569,kouvoo,https://www.instagram.com/kouvoo,2019-05-19 13:34:21.857663
8327628272,locksteadyplays,https://www.instagram.com/locksteadyplays,2019-05-19 13:34:51.853517
6673368877,xabidex,https://www.instagram.com/xabidex,2019-05-19 13:35:22.503569
1745566361,polaronxbox,https://www.instagram.com/polaronxbox,2019-05-19 13:35:52.791356
5755575008,the_wizard_927,https://www.instagram.com/the_wizard_927,2019-05-19 13:36:23.336359
8910078280,gamingrofl,https://www.instagram.com/gamingrofl,2019-05-19 13:36:53.835378
7631287505,youtubeoxy,https://www.instagram.com/youtubeoxy,2019-05-19 13:37:23.934780
8911014333,bo4everything1,https://www.instagram.com/bo4everything1,2019-05-19 13:37:54.434005
7023443608,velocityperformanceltd,https://www.instagram.com/velocityperformanceltd,2019-05-19 13:38:25.033960
2021797232,ti_amo_tea_rosa,https://www.instagram.com/ti_amo_tea_rosa,2019-05-19 13:38:56.088740
4540422654,keratin_botox_hair_toronto,https://www.instagram.com/keratin_botox_hair_toronto,2019-05-19 13:39:26.693392
5348435888,davebriggsrealestate,https://www.instagram.com/davebriggsrealestate,2019-05-19 13:39:57.724730
1685903482,het_is_mij_robert_mark_robert,https://www.instagram.com/het_is_mij_robert_mark_robert,2019-05-19 13:40:27.964267
1635648138,indtoronto,https://www.instagram.com/indtoronto,2019-05-19 13:40:58.430317
4564810929,aecmemories2017.2018,https://www.instagram.com/aecmemories2017.2018,2019-05-19 13:41:29.117795
5587583527,lancientk,https://www.instagram.com/lancientk,2019-05-19 13:41:59.596045
8604481868,invisionrealtyteam,https://www.instagram.com/invisionrealtyteam,2019-05-19 13:42:28.720868
8119111087,groomer.trist,https://www.instagram.com/groomer.trist,2019-05-19 13:42:58.254485
7324288924,justfootballthings7,https://www.instagram.com/justfootballthings7,2019-05-19 13:43:27.418051
8591502931,mtdaay,https://www.instagram.com/mtdaay,2019-05-19 13:43:56.472335
4609771371,belles.beauty.boutique,https://www.instagram.com/belles.beauty.boutique,2019-05-19 13:44:25.563208
3291949418,barbiedolley,https://www.instagram.com/barbiedolley,2019-05-19 13:44:54.716190
7959752645,ferrgggy,https://www.instagram.com/ferrgggy,2019-05-19 13:45:23.990651
7053365029,personalized_heart_toronto,https://www.instagram.com/personalized_heart_toronto,2019-05-19 13:45:53.276966
37592152,graziellafinejewellery,https://www.instagram.com/graziellafinejewellery,2019-05-19 13:46:22.552531
2203356603,veroniquepoel,https://www.instagram.com/veroniquepoel,2019-05-19 13:46:51.822860
1758417037,voetbalanalyse,https://www.instagram.com/voetbalanalyse,2019-05-19 13:47:21.153021
8355226669,pasion_por_el_futbol10,https://www.instagram.com/pasion_por_el_futbol10,2019-05-19 13:47:50.360583
8615701870,gypsylashlounge,https://www.instagram.com/gypsylashlounge,2019-05-19 13:48:19.807912
1149329109,krommewatergang,https://www.instagram.com/krommewatergang,2019-05-19 13:48:48.910928
8442117866,jjsports593,https://www.instagram.com/jjsports593,2019-05-19 13:49:18.068927
8057346629,decorbyjoelle,https://www.instagram.com/decorbyjoelle,2019-05-19 13:49:47.321922
293950484,mrallclass2428,https://www.instagram.com/mrallclass2428,2019-05-19 13:50:16.613790
322768178,thenameisjagz,https://www.instagram.com/thenameisjagz,2019-05-19 13:50:45.910311
6673894623,lunashibuya,https://www.instagram.com/lunashibuya,2019-05-19 13:51:15.173800
8246430501,lpgwv,https://www.instagram.com/lpgwv,2019-05-19 13:51:44.503790
8732410279,gg_thebest00154,https://www.instagram.com/gg_thebest00154,2019-05-19 13:52:13.934557
7321116357,cod_joer,https://www.instagram.com/cod_joer,2019-05-19 13:52:43.242335
1387895090,meaningskate19,https://www.instagram.com/meaningskate19,2019-05-19 13:53:12.534143
8962437610,juan8t7,https://www.instagram.com/juan8t7,2019-05-19 13:53:41.857618
8617455219,unrealgamers,https://www.instagram.com/unrealgamers,2019-05-19 13:54:11.161424
184205865,the.mr.skitzo,https://www.instagram.com/the.mr.skitzo,2019-05-19 13:54:40.375284
8945604325,cpthedoc,https://www.instagram.com/cpthedoc,2019-05-19 13:55:09.522606
8389622825,pantelizer,https://www.instagram.com/pantelizer,2019-05-19 13:55:38.813792
5844798909,realcrunx,https://www.instagram.com/realcrunx,2019-05-19 13:56:08.093694
8492602846,akunamatata25_,https://www.instagram.com/akunamatata25_,2019-05-19 13:56:37.347331
7533293824,cheddartheshreddereh,https://www.instagram.com/cheddartheshreddereh,2019-05-19 13:57:07.012088
4555438155,davelovesgames,https://www.instagram.com/davelovesgames,2019-05-19 13:57:36.706307
8903621860,blackout_intel,https://www.instagram.com/blackout_intel,2019-05-19 13:58:05.803435
5981994151,tdggaming,https://www.instagram.com/tdggaming,2019-05-19 13:58:35.158898
32005731,mrtuscani51,https://www.instagram.com/mrtuscani51,2019-05-19 13:59:08.257522
295738598,hill_757,https://www.instagram.com/hill_757,2019-05-19 13:59:37.545871
8908614673,official_sgi_clan,https://www.instagram.com/official_sgi_clan,2019-05-19 14:00:06.815716
3578014437,l1feremaining,https://www.instagram.com/l1feremaining,2019-05-19 14:00:36.113327
1957345955,memika_ops,https://www.instagram.com/memika_ops,2019-05-19 14:01:05.292834
288454164,sah0o0ra,https://www.instagram.com/sah0o0ra,2019-05-19 14:01:34.817312
581687650,kariiimlabane,https://www.instagram.com/kariiimlabane,2019-05-19 14:02:04.213586
1230215093,rafaelaleiteadm,https://www.instagram.com/rafaelaleiteadm,2019-05-19 14:02:34.347517
1673306292,betteroffwinning,https://www.instagram.com/betteroffwinning,2019-05-19 14:03:04.195338
2982671457,alfin_230,https://www.instagram.com/alfin_230,2019-05-19 14:03:33.524215
8605792236,themediocrepineapple,https://www.instagram.com/themediocrepineapple,2019-05-19 14:04:02.827262
1449057487,closetdenegrita_temuco,https://www.instagram.com/closetdenegrita_temuco,2019-05-19 14:04:32.227420
5649054852,verkoop_sq,https://www.instagram.com/verkoop_sq,2019-05-19 14:05:01.631482
6238990996,caitsrecovery_,https://www.instagram.com/caitsrecovery_,2019-05-19 14:05:31.260936
3268153227,zamnnpapii,https://www.instagram.com/zamnnpapii,2019-05-19 14:06:02.795231
5356607574,fossilmasrevi,https://www.instagram.com/fossilmasrevi,2019-05-19 14:06:32.082981
8559056569,justinjoegagarin,https://www.instagram.com/justinjoegagarin,2019-05-19 14:07:01.338975
8323978816,andreipiti_,https://www.instagram.com/andreipiti_,2019-05-19 14:07:30.503886
5606345227,cinematographyref,https://www.instagram.com/cinematographyref,2019-05-19 14:07:59.940731
7573180084,enda_the_explorer,https://www.instagram.com/enda_the_explorer,2019-05-19 14:08:24.620868
7199580226,_a_sar___,https://www.instagram.com/_a_sar___,2019-05-19 14:08:50.492670
6706069848,toku___jun,https://www.instagram.com/toku___jun,2019-05-19 14:09:19.724754
8747782157,lashmeimfab,https://www.instagram.com/lashmeimfab,2019-05-19 14:09:48.843206
8749638050,spf_academy_korea,https://www.instagram.com/spf_academy_korea,2019-05-19 14:10:18.079512
8724834842,divulgueaquii7,https://www.instagram.com/divulgueaquii7,2019-05-19 14:10:47.957923
7949181950,itsarthamutiara,https://www.instagram.com/itsarthamutiara,2019-05-19 14:11:17.219826
1806260499,_fashionstyled,https://www.instagram.com/_fashionstyled,2019-05-19 14:11:46.951065
8150351681,bigalsgamingstream,https://www.instagram.com/bigalsgamingstream,2019-05-19 14:12:16.466671
2814107247,zeciph,https://www.instagram.com/zeciph,2019-05-19 14:12:45.993922
5833503395,powerdwarffather,https://www.instagram.com/powerdwarffather,2019-05-19 14:13:15.191172
2202000040,kooblikon,https://www.instagram.com/kooblikon,2019-05-19 14:13:46.501697
8525027810,strive.sinni,https://www.instagram.com/strive.sinni,2019-05-19 14:14:15.797116
2906357778,strikeforcegen,https://www.instagram.com/strikeforcegen,2019-05-19 14:14:45.367653
8196962446,killermoon208live,https://www.instagram.com/killermoon208live,2019-05-19 14:15:14.823043
208654843,mrbroky,https://www.instagram.com/mrbroky,2019-05-19 14:15:44.037287
8747128340,joulestv,https://www.instagram.com/joulestv,2019-05-19 14:16:13.316869
612469000,koukussa,https://www.instagram.com/koukussa,2019-05-19 14:16:44.164243
7321133511,waffle_2323,https://www.instagram.com/waffle_2323,2019-05-19 14:17:08.881555
8310238779,ghostshadowyt,https://www.instagram.com/ghostshadowyt,2019-05-19 14:17:36.843217
8086727768,enormitygamer,https://www.instagram.com/enormitygamer,2019-05-19 14:18:06.197840
9012733723,loot.harlzyy,https://www.instagram.com/loot.harlzyy,2019-05-19 14:18:35.350414
8942981688,blackops4turkiye,https://www.instagram.com/blackops4turkiye,2019-05-19 14:19:04.286201
8745182237,foss.gaming,https://www.instagram.com/foss.gaming,2019-05-19 14:19:33.647261
7406071730,twitch_endozz_,https://www.instagram.com/twitch_endozz_,2019-05-19 14:19:58.316064
5996859581,plantingbutter,https://www.instagram.com/plantingbutter,2019-05-19 14:20:24.343183
8224238105,g___________g__________g,https://www.instagram.com/g___________g__________g,2019-05-19 14:20:49.025489
7734389245,albrzy.ttv,https://www.instagram.com/albrzy.ttv,2019-05-19 14:21:14.989068
211560498,smreconcars,https://www.instagram.com/smreconcars,2019-05-19 14:21:44.587007
1130354154,alexpartalart,https://www.instagram.com/alexpartalart,2019-05-19 14:22:14.232026
2047154166,reconhouston,https://www.instagram.com/reconhouston,2019-05-19 14:22:43.613200
1659125753,sailendivers,https://www.instagram.com/sailendivers,2019-05-19 14:23:13.398380
764831196,tf_raven,https://www.instagram.com/tf_raven,2019-05-19 14:23:42.845646
1599238856,luckydragonind,https://www.instagram.com/luckydragonind,2019-05-19 14:24:12.486860
6971563529,hackergirlofficial,https://www.instagram.com/hackergirlofficial,2019-05-19 14:24:42.453810
5802718285,eddysgamevideos,https://www.instagram.com/eddysgamevideos,2019-05-19 14:25:11.864983
43285168,mikehoff94,https://www.instagram.com/mikehoff94,2019-05-19 14:25:36.520077
3436171878,team.tundra,https://www.instagram.com/team.tundra,2019-05-19 14:26:02.506374
2199810537,chadcheston,https://www.instagram.com/chadcheston,2019-05-19 14:26:31.941913
1609507846,buenobikelanza,https://www.instagram.com/buenobikelanza,2019-05-19 14:27:03.579460
1532830427,calicustomsokc,https://www.instagram.com/calicustomsokc,2019-05-19 14:27:33.521438
258301714,bestiartattoo,https://www.instagram.com/bestiartattoo,2019-05-19 14:28:03.642218
1150490590,fes.br,https://www.instagram.com/fes.br,2019-05-19 14:28:33.828705
8749162488,etaszero,https://www.instagram.com/etaszero,2019-05-19 14:29:04.295654
8411450632,deeteedubbleu,https://www.instagram.com/deeteedubbleu,2019-05-19 14:29:35.071362
4168853775,sgt.miller_usmc,https://www.instagram.com/sgt.miller_usmc,2019-05-19 14:30:11.419442
216212232,jmuttaphotography,https://www.instagram.com/jmuttaphotography,2019-05-19 14:30:50.911901
3009871100,sketchboook3,https://www.instagram.com/sketchboook3,2019-05-19 14:31:21.290391
948132129,73usmcrtop,https://www.instagram.com/73usmcrtop,2019-05-19 14:31:50.868616
527421884,milkbagcult,https://www.instagram.com/milkbagcult,2019-05-19 14:32:20.137079
5788772616,lol_idk_yee,https://www.instagram.com/lol_idk_yee,2019-05-19 14:32:44.839118
5596998416,bo4sa,https://www.instagram.com/bo4sa,2019-05-19 14:33:11.271085
5999051257,zu6k_,https://www.instagram.com/zu6k_,2019-05-19 14:33:41.722177
2114719051,sonicr360,https://www.instagram.com/sonicr360,2019-05-19 14:34:12.206953
31608197,theonlyshanks,https://www.instagram.com/theonlyshanks,2019-05-19 14:34:42.763071
7627378213,teamantimercy,https://www.instagram.com/teamantimercy,2019-05-19 14:35:13.255790
8750812133,zeeqovg,https://www.instagram.com/zeeqovg,2019-05-19 14:35:43.060445
7875333742,flortexgaming,https://www.instagram.com/flortexgaming,2019-05-19 14:36:14.184242
4455409505,a.not.so.buff.beaner,https://www.instagram.com/a.not.so.buff.beaner,2019-05-19 14:36:39.552374
6627480983,zusifiy,https://www.instagram.com/zusifiy,2019-05-19 14:37:06.810454
8723117520,brawlcrazy_,https://www.instagram.com/brawlcrazy_,2019-05-19 14:37:32.018952
8685857218,kold.ceaze,https://www.instagram.com/kold.ceaze,2019-05-19 14:37:58.659188
1571284959,gamereggs,https://www.instagram.com/gamereggs,2019-05-19 14:38:29.338525
8686283117,cod.clips.5201,https://www.instagram.com/cod.clips.5201,2019-05-19 14:38:59.793098
2305078455,jdyogaming,https://www.instagram.com/jdyogaming,2019-05-19 14:39:30.233907
6701728883,nxt.lvl.gmng,https://www.instagram.com/nxt.lvl.gmng,2019-05-19 14:40:01.063520
4836001782,loui_pm,https://www.instagram.com/loui_pm,2019-05-19 14:40:31.704412
2116251719,saucesquad_,https://www.instagram.com/saucesquad_,2019-05-19 14:41:02.117441
8969700834,vampreeperkilooo,https://www.instagram.com/vampreeperkilooo,2019-05-19 14:41:35.437668
6296226365,queen_khajiit,https://www.instagram.com/queen_khajiit,2019-05-19 14:42:05.930092
8426465408,diamond_clips_youtube,https://www.instagram.com/diamond_clips_youtube,2019-05-19 14:42:36.597869
6032159128,reckarg,https://www.instagram.com/reckarg,2019-05-19 14:43:07.325527
7203551817,asteroydfour,https://www.instagram.com/asteroydfour,2019-05-19 14:43:38.716716
11973197,iam_hipsterbear,https://www.instagram.com/iam_hipsterbear,2019-05-19 14:44:09.137282
8412565496,twitchburakrds,https://www.instagram.com/twitchburakrds,2019-05-19 14:44:39.372418
6078050325,streamlined.store,https://www.instagram.com/streamlined.store,2019-05-19 14:45:10.044621
217554260,crream,https://www.instagram.com/crream,2019-05-19 14:45:40.200993
8619427182,toxic.monk,https://www.instagram.com/toxic.monk,2019-05-19 14:46:09.441586
5771564578,hunt3rforce,https://www.instagram.com/hunt3rforce,2019-05-19 14:46:39.553228
5823874983,twitchclipturkiye,https://www.instagram.com/twitchclipturkiye,2019-05-19 14:47:09.897703
7459750743,favilluh,https://www.instagram.com/favilluh,2019-05-19 14:47:40.242266
8514016276,rayditzfn,https://www.instagram.com/rayditzfn,2019-05-19 14:48:10.522286
8250858522,chrxsto.fortnite,https://www.instagram.com/chrxsto.fortnite,2019-05-19 14:48:41.147739
5777254670,overd.va,https://www.instagram.com/overd.va,2019-05-19 14:49:11.856296
1373084826,chickenkrispy,https://www.instagram.com/chickenkrispy,2019-05-19 14:49:42.568134
7414946157,wohzr,https://www.instagram.com/wohzr,2019-05-19 14:50:08.987387
3428844322,misternobodytv,https://www.instagram.com/misternobodytv,2019-05-19 14:50:35.883626
3442349654,nointrotv,https://www.instagram.com/nointrotv,2019-05-19 14:51:06.616389
5781977059,cloudgamingg,https://www.instagram.com/cloudgamingg,2019-05-19 14:51:36.960805
5927516919,gaminpuns,https://www.instagram.com/gaminpuns,2019-05-19 14:52:07.622694
7095926675,upnwavey,https://www.instagram.com/upnwavey,2019-05-19 14:52:38.109471
1650580921,kenzgamescollection,https://www.instagram.com/kenzgamescollection,2019-05-19 14:53:08.638182
5758616720,dietwokezero,https://www.instagram.com/dietwokezero,2019-05-19 14:53:39.458985
8420327465,gameroncast,https://www.instagram.com/gameroncast,2019-05-19 14:54:13.345594
8329779945,sicario_manly,https://www.instagram.com/sicario_manly,2019-05-19 14:54:44.159664
196681367,bourne_beautiful_,https://www.instagram.com/bourne_beautiful_,2019-05-19 14:55:14.692280
8379103050,itzscareface,https://www.instagram.com/itzscareface,2019-05-19 14:55:44.512444
7922352492,officialmy_names_paul,https://www.instagram.com/officialmy_names_paul,2019-05-19 14:56:13.849657
9039972468,cod_flashnews,https://www.instagram.com/cod_flashnews,2019-05-19 14:56:43.029788
7096281949,scottielightyear,https://www.instagram.com/scottielightyear,2019-05-19 14:57:12.247693
8464823730,pat_mccooch,https://www.instagram.com/pat_mccooch,2019-05-19 14:57:41.639014
8555535145,n7_stephanie,https://www.instagram.com/n7_stephanie,2019-05-19 14:58:10.955757
208258728,blackouttints,https://www.instagram.com/blackouttints,2019-05-19 14:58:40.304120
8437772561,stix.carbondale,https://www.instagram.com/stix.carbondale,2019-05-19 14:59:09.664532
4483605663,dorota_dorota1992,https://www.instagram.com/dorota_dorota1992,2019-05-19 14:59:38.948905
7765085339,dayazrandom,https://www.instagram.com/dayazrandom,2019-05-19 15:00:08.667718
28955343,naarastudiomakeup,https://www.instagram.com/naarastudiomakeup,2019-05-19 15:00:38.060180
3664217481,martian5150,https://www.instagram.com/martian5150,2019-05-19 15:01:07.302296
8949550052,isthatjstn,https://www.instagram.com/isthatjstn,2019-05-19 15:01:36.548996
8156266767,sassygallizzy,https://www.instagram.com/sassygallizzy,2019-05-19 15:02:05.936155
8420291875,_.eq.hq._,https://www.instagram.com/_.eq.hq._,2019-05-19 15:02:35.150656
1018678045,houseofgamin,https://www.instagram.com/houseofgamin,2019-05-19 15:03:04.509013
8962710037,just_mandm_photography,https://www.instagram.com/just_mandm_photography,2019-05-19 15:03:34.001288
account_id,username,profile_url,time_unfollowed
2136617881,stuewing,https://www.instagram.com/stuewing,2019-05-19 15:32:57.059479
1386284041,nathalielaukens,https://www.instagram.com/nathalielaukens,2019-05-19 15:33:26.391485
580205040,amina_zia1,https://www.instagram.com/amina_zia1,2019-05-19 15:33:55.656465
9002509033,umami00,https://www.instagram.com/umami00,2019-05-19 15:34:24.932886
6923440178,sundarandi,https://www.instagram.com/sundarandi,2019-05-19 15:34:54.091682
5430191239,rustdesert,https://www.instagram.com/rustdesert,2019-05-19 15:35:23.447686
8574548010,mairiharland,https://www.instagram.com/mairiharland,2019-05-19 15:35:52.478838
2274918016,vania.lot,https://www.instagram.com/vania.lot,2019-05-19 15:36:22.025402
1772077188,soo.trash,https://www.instagram.com/soo.trash,2019-05-19 15:36:51.479030
8355324300,hyperfyyerleo,https://www.instagram.com/hyperfyyerleo,2019-05-19 15:37:16.609840
3165284872,mkalamity,https://www.instagram.com/mkalamity,2019-05-19 15:37:42.657064
3219141953,theaquarianisback,https://www.instagram.com/theaquarianisback,2019-05-19 15:38:12.275010
7532092925,sup_killa_,https://www.instagram.com/sup_killa_,2019-05-19 15:38:41.544363
8603425554,besttwitchclip,https://www.instagram.com/besttwitchclip,2019-05-19 15:39:10.746472
3605630147,fluffymarshy,https://www.instagram.com/fluffymarshy,2019-05-19 15:39:40.499927
7439998609,dominicvstheunknown,https://www.instagram.com/dominicvstheunknown,2019-05-19 15:40:10.233447
6903322392,mimzyclips,https://www.instagram.com/mimzyclips,2019-05-19 15:40:39.537536
1443252369,flash_community,https://www.instagram.com/flash_community,2019-05-19 15:41:08.850566
7630070564,ssillylilly17,https://www.instagram.com/ssillylilly17,2019-05-19 15:41:38.490598
3109851590,playtimesv,https://www.instagram.com/playtimesv,2019-05-19 15:42:08.344408
3021677890,gamingvirgin,https://www.instagram.com/gamingvirgin,2019-05-19 15:42:37.702333
7456156291,klypxo.twitch,https://www.instagram.com/klypxo.twitch,2019-05-19 15:43:06.879600
2072546545,kim.dae_hyun_,https://www.instagram.com/kim.dae_hyun_,2019-05-19 15:43:36.309172
2890542427,danceandmince,https://www.instagram.com/danceandmince,2019-05-19 15:44:05.530489
1495376086,leah.93_,https://www.instagram.com/leah.93_,2019-05-19 15:44:34.750501
3013380796,wish_con52,https://www.instagram.com/wish_con52,2019-05-19 15:45:04.473775
1145910631,sufi699,https://www.instagram.com/sufi699,2019-05-19 15:45:33.745867
2264890513,b_for_black,https://www.instagram.com/b_for_black,2019-05-19 15:46:03.432236
244499366,vmalaguti,https://www.instagram.com/vmalaguti,2019-05-19 15:46:33.229786
203315226,aor_ketwarang,https://www.instagram.com/aor_ketwarang,2019-05-19 15:47:03.075209
3261646040,michael103083,https://www.instagram.com/michael103083,2019-05-19 15:47:32.448138
20131863,a_fork_in_a_world_of_soup,https://www.instagram.com/a_fork_in_a_world_of_soup,2019-05-19 15:48:01.935242
361749073,coryryno,https://www.instagram.com/coryryno,2019-05-19 15:48:31.220076
247239,ashlyinwonderland,https://www.instagram.com/ashlyinwonderland,2019-05-19 15:49:00.639427
197394595,butyoulikeweird,https://www.instagram.com/butyoulikeweird,2019-05-19 15:49:30.674201
271960814,agentofmisfortune,https://www.instagram.com/agentofmisfortune,2019-05-19 15:50:00.071026
2139749674,9to5technews,https://www.instagram.com/9to5technews,2019-05-19 15:50:29.345138
3129554175,maui_art,https://www.instagram.com/maui_art,2019-05-19 15:50:58.802185
226988705,miguel_a._jimenez_romero,https://www.instagram.com/miguel_a._jimenez_romero,2019-05-19 15:51:28.261333
4627953404,clint_tms,https://www.instagram.com/clint_tms,2019-05-19 15:51:57.570032
1606615553,plushimishop,https://www.instagram.com/plushimishop,2019-05-19 15:52:26.789171
381931461,emcmoves,https://www.instagram.com/emcmoves,2019-05-19 15:52:56.335023
9029676757,thezombiegame,https://www.instagram.com/thezombiegame,2019-05-19 15:53:25.590782
1944442106,dancing.with.the.starss,https://www.instagram.com/dancing.with.the.starss,2019-05-19 15:53:54.879019
6027263707,peacheszmc,https://www.instagram.com/peacheszmc,2019-05-19 15:54:24.126603
1398399725,clemanddaryl,https://www.instagram.com/clemanddaryl,2019-05-19 15:54:53.240718
7153662762,coasterfreakofficial,https://www.instagram.com/coasterfreakofficial,2019-05-19 15:55:22.571038
2358891524,90x.r,https://www.instagram.com/90x.r,2019-05-19 15:55:51.583390
7523439331,alfa_group_miniature_addiction,https://www.instagram.com/alfa_group_miniature_addiction,2019-05-19 15:56:20.740135
195438599,elteacherpeleador,https://www.instagram.com/elteacherpeleador,2019-05-19 15:56:50.096145
8177064020,slash_and_trash,https://www.instagram.com/slash_and_trash,2019-05-19 15:57:19.675989
1783175226,master_chungy,https://www.instagram.com/master_chungy,2019-05-19 15:57:49.122596
5363472952,nuclearfps,https://www.instagram.com/nuclearfps,2019-05-19 15:58:18.253369
41179302,monikafelicesmith,https://www.instagram.com/monikafelicesmith,2019-05-19 15:58:47.553438
1428011146,nehasglam,https://www.instagram.com/nehasglam,2019-05-19 15:59:16.855648
174112471,taniradove,https://www.instagram.com/taniradove,2019-05-19 15:59:46.161204
8607697259,shitpxst_af,https://www.instagram.com/shitpxst_af,2019-05-19 16:00:15.433564
2926964304,nkiicmk,https://www.instagram.com/nkiicmk,2019-05-19 16:00:44.272888
1594447839,jr_picazo_,https://www.instagram.com/jr_picazo_,2019-05-19 16:01:13.524419
1505812722,thedailyfanboy,https://www.instagram.com/thedailyfanboy,2019-05-19 16:01:42.684052
4178408847,akenno_230,https://www.instagram.com/akenno_230,2019-05-19 16:02:11.897911
1628176587,angc115,https://www.instagram.com/angc115,2019-05-19 16:02:36.518445
2139838699,nervziel,https://www.instagram.com/nervziel,2019-05-19 16:03:02.531631
8896126779,tdark_killer,https://www.instagram.com/tdark_killer,2019-05-19 16:03:31.791996
8741306566,primisrichtofen,https://www.instagram.com/primisrichtofen,2019-05-19 16:04:00.821915
586064884,skullthekid,https://www.instagram.com/skullthekid,2019-05-19 16:04:30.771305
1246206539,lagginho,https://www.instagram.com/lagginho,2019-05-19 16:05:02.011092
1633299642,ozcil_oz,https://www.instagram.com/ozcil_oz,2019-05-19 16:05:32.240869
5702177844,icelandic.powerhouse,https://www.instagram.com/icelandic.powerhouse,2019-05-19 16:06:02.796141
6273831713,reecenugent22,https://www.instagram.com/reecenugent22,2019-05-19 16:06:33.183628
4908122594,_ninalex_,https://www.instagram.com/_ninalex_,2019-05-19 16:07:03.722750
41474214,calloflucy,https://www.instagram.com/calloflucy,2019-05-19 16:07:34.150407
5436616694,treyarch_quality_memes,https://www.instagram.com/treyarch_quality_memes,2019-05-19 16:08:04.560257
7633645894,thatsovietrepublicofcringe,https://www.instagram.com/thatsovietrepublicofcringe,2019-05-19 16:08:35.163048
8315297860,confumused,https://www.instagram.com/confumused,2019-05-19 16:09:05.816746
7442915326,ncxaesthetic,https://www.instagram.com/ncxaesthetic,2019-05-19 16:09:36.074687
212298116,hitari.co.uk,https://www.instagram.com/hitari.co.uk,2019-05-19 16:10:06.619467
286579899,lalithcheekoti,https://www.instagram.com/lalithcheekoti,2019-05-19 16:10:36.870095
30309464,erickfabbio,https://www.instagram.com/erickfabbio,2019-05-19 16:11:07.510151
5963167623,alb.teknoloji,https://www.instagram.com/alb.teknoloji,2019-05-19 16:11:37.558771
8203561140,thedarth_b,https://www.instagram.com/thedarth_b,2019-05-19 16:12:08.578548
1592675157,trymtherogue,https://www.instagram.com/trymtherogue,2019-05-19 16:12:38.954941
8330308549,miss___slaughter,https://www.instagram.com/miss___slaughter,2019-05-19 16:13:09.605115
4032199935,gigalactic,https://www.instagram.com/gigalactic,2019-05-19 16:13:40.544599
8289927753,nahrune,https://www.instagram.com/nahrune,2019-05-19 16:14:10.841657
3207149746,babeswhogame,https://www.instagram.com/babeswhogame,2019-05-19 16:14:41.222550
1537573603,creative.happyness,https://www.instagram.com/creative.happyness,2019-05-19 16:15:12.337417
7561691464,nannershots,https://www.instagram.com/nannershots,2019-05-19 16:15:42.851293
8668838519,ockamgamer,https://www.instagram.com/ockamgamer,2019-05-19 16:16:13.183719
217517266,datshadowwolf,https://www.instagram.com/datshadowwolf,2019-05-19 16:16:43.540073
1182082025,fablefire,https://www.instagram.com/fablefire,2019-05-19 16:17:13.915773
349075342,outlawking305,https://www.instagram.com/outlawking305,2019-05-19 16:17:44.515417
219525781,mr_terry_aki,https://www.instagram.com/mr_terry_aki,2019-05-19 16:18:14.981514
8331208185,nk_omr,https://www.instagram.com/nk_omr,2019-05-19 16:18:40.338275
8914742886,bo4vidul,https://www.instagram.com/bo4vidul,2019-05-19 16:19:07.447013
8975654121,call_of_duty_bo4_italia,https://www.instagram.com/call_of_duty_bo4_italia,2019-05-19 16:19:37.746736
9008484156,dbs_gamers,https://www.instagram.com/dbs_gamers,2019-05-19 16:20:08.128394
5770885656,ownage_everyday,https://www.instagram.com/ownage_everyday,2019-05-19 16:20:39.211691
8924556143,kllr_bnny,https://www.instagram.com/kllr_bnny,2019-05-19 16:21:09.528736
9009212640,fias_clan,https://www.instagram.com/fias_clan,2019-05-19 16:21:39.878219
5806973583,seannmcclurg,https://www.instagram.com/seannmcclurg,2019-05-19 16:22:10.776529
573279878,apexbible,https://www.instagram.com/apexbible,2019-05-19 16:22:41.645343
3514703162,pinclubofficial,https://www.instagram.com/pinclubofficial,2019-05-19 16:23:12.048208
5952183071,disaster137b,https://www.instagram.com/disaster137b,2019-05-19 16:23:41.942034
3084514838,itsdethkloch,https://www.instagram.com/itsdethkloch,2019-05-19 16:24:12.540923
5797323697,cjay_games,https://www.instagram.com/cjay_games,2019-05-19 16:24:43.114963
3585644755,oblivious77_,https://www.instagram.com/oblivious77_,2019-05-19 16:25:13.630544
2255463848,kevin_stardust,https://www.instagram.com/kevin_stardust,2019-05-19 16:25:44.277694
1523768134,nunya__bizness,https://www.instagram.com/nunya__bizness,2019-05-19 16:26:14.620632
1698798790,sliimwolf,https://www.instagram.com/sliimwolf,2019-05-19 16:26:45.338120
8729859962,bo4_cod_news,https://www.instagram.com/bo4_cod_news,2019-05-19 16:27:15.786987
8609677085,cocoa.crips,https://www.instagram.com/cocoa.crips,2019-05-19 16:27:45.985142
462321067,scapeosm,https://www.instagram.com/scapeosm,2019-05-19 16:28:16.484437
199212250,tripler_r3,https://www.instagram.com/tripler_r3,2019-05-19 16:28:47.276834
7130921997,riinkaku,https://www.instagram.com/riinkaku,2019-05-19 16:29:17.843532
266034179,scoorpio_,https://www.instagram.com/scoorpio_,2019-05-19 16:29:48.837857
6315529261,im_jayhym,https://www.instagram.com/im_jayhym,2019-05-19 16:30:19.581667
518329129,marco5311,https://www.instagram.com/marco5311,2019-05-19 16:30:49.981177
596163165,skyy_limit,https://www.instagram.com/skyy_limit,2019-05-19 16:31:20.536544
189715885,iamtilewa_,https://www.instagram.com/iamtilewa_,2019-05-19 16:31:51.138399
8735744438,simpleplandaily,https://www.instagram.com/simpleplandaily,2019-05-19 16:32:21.917390
4013797644,blackout_rsm,https://www.instagram.com/blackout_rsm,2019-05-19 16:32:52.500489
8732419934,the_grim_old_gamer,https://www.instagram.com/the_grim_old_gamer,2019-05-19 16:33:23.066041
2207264492,_eleonoracarraro,https://www.instagram.com/_eleonoracarraro,2019-05-19 16:33:53.482826
7070329858,gamerfriendspod,https://www.instagram.com/gamerfriendspod,2019-05-19 16:34:24.696144
6861221111,solethetoycollector,https://www.instagram.com/solethetoycollector,2019-05-19 16:34:49.595373
6079759498,viyxr,https://www.instagram.com/viyxr,2019-05-19 16:35:16.661425
1026808552,eric_tron,https://www.instagram.com/eric_tron,2019-05-19 16:35:47.034475
4741966165,jacob_vip45,https://www.instagram.com/jacob_vip45,2019-05-19 16:36:17.694430
8236488076,daltoosh,https://www.instagram.com/daltoosh,2019-05-19 16:36:48.274769
7930905458,7manshul,https://www.instagram.com/7manshul,2019-05-19 16:37:18.807184
8474499087,ultim8gaming_net,https://www.instagram.com/ultim8gaming_net,2019-05-19 16:37:49.284764
3247583623,mike_beheshti,https://www.instagram.com/mike_beheshti,2019-05-19 16:38:19.958225
1941382400,cormac_ok99,https://www.instagram.com/cormac_ok99,2019-05-19 16:38:50.703113
7719111746,riyoosanai,https://www.instagram.com/riyoosanai,2019-05-19 16:39:21.498612
1464768335,donblackcat,https://www.instagram.com/donblackcat,2019-05-19 16:39:52.206544
3125937,keola,https://www.instagram.com/keola,2019-05-19 16:40:22.952373
8236858404,dj_z00k,https://www.instagram.com/dj_z00k,2019-05-19 16:40:53.363479
8710828184,5ive_ai,https://www.instagram.com/5ive_ai,2019-05-19 16:41:23.757780
8257123253,eazylickz,https://www.instagram.com/eazylickz,2019-05-19 16:41:54.482598
8740492537,memeswithsound,https://www.instagram.com/memeswithsound,2019-05-19 16:42:19.718108
1394982095,statiicracing,https://www.instagram.com/statiicracing,2019-05-19 16:42:46.494361
8261395274,enemone.tv,https://www.instagram.com/enemone.tv,2019-05-19 16:43:11.849679
4156959078,smashletesgaming,https://www.instagram.com/smashletesgaming,2019-05-19 16:43:40.997991
9022028046,haviikthegoon,https://www.instagram.com/haviikthegoon,2019-05-19 16:44:11.607476
8655523920,saeicotv,https://www.instagram.com/saeicotv,2019-05-19 16:44:42.233760
8745314736,jumalalagit,https://www.instagram.com/jumalalagit,2019-05-19 16:45:13.194826
1715226268,bo9o_,https://www.instagram.com/bo9o_,2019-05-19 16:45:43.150645
5866546356,gamersaddition,https://www.instagram.com/gamersaddition,2019-05-19 16:46:13.678871
8735087342,gamer_2.0_zone,https://www.instagram.com/gamer_2.0_zone,2019-05-19 16:46:44.326614
7978070054,call_of_laughters,https://www.instagram.com/call_of_laughters,2019-05-19 16:47:14.880790
8524100073,ferocious_harley,https://www.instagram.com/ferocious_harley,2019-05-19 16:47:45.364846
7100847614,_nika_tykhnova_,https://www.instagram.com/_nika_tykhnova_,2019-05-19 16:48:15.873451
8358995032,x.mirachains,https://www.instagram.com/x.mirachains,2019-05-19 16:48:41.218052
8746648194,luxerybabes,https://www.instagram.com/luxerybabes,2019-05-19 16:49:08.116345
3956445911,_she_is_a_devil__,https://www.instagram.com/_she_is_a_devil__,2019-05-19 16:49:39.074631
1281655366,mychalsaray,https://www.instagram.com/mychalsaray,2019-05-19 16:50:09.986946
8582602150,clipesdemaquiagens,https://www.instagram.com/clipesdemaquiagens,2019-05-19 16:50:40.566683
8352024434,andraismygalaxy,https://www.instagram.com/andraismygalaxy,2019-05-19 16:51:05.890422
8504115649,ghetto.princessa_,https://www.instagram.com/ghetto.princessa_,2019-05-19 16:51:32.481697
9043212415,marks_browny,https://www.instagram.com/marks_browny,2019-05-19 16:52:03.069943
2875375042,missingyou_page,https://www.instagram.com/missingyou_page,2019-05-19 16:52:33.597991
1644838514,ravenrage55,https://www.instagram.com/ravenrage55,2019-05-19 16:53:04.025725
675370041,z.a.e.b.i.s_,https://www.instagram.com/z.a.e.b.i.s_,2019-05-19 16:53:34.888882
4201846591,pexumm,https://www.instagram.com/pexumm,2019-05-19 16:54:05.760442
5737506361,blind_byakugan,https://www.instagram.com/blind_byakugan,2019-05-19 16:54:36.246540
1025390069,conrad_kc29,https://www.instagram.com/conrad_kc29,2019-05-19 16:55:06.934620
7098952388,old_account_so_yeah1,https://www.instagram.com/old_account_so_yeah1,2019-05-19 16:55:37.653783
8274407673,itseileenoof,https://www.instagram.com/itseileenoof,2019-05-19 16:56:08.618442
8579065131,stampthelamp_twitchtv,https://www.instagram.com/stampthelamp_twitchtv,2019-05-19 16:56:33.777478
3229692433,combatlasertag,https://www.instagram.com/combatlasertag,2019-05-19 16:57:00.446610
689070169,lknightmare661,https://www.instagram.com/lknightmare661,2019-05-19 16:57:31.355245
958701571,enzumore._.27_official,https://www.instagram.com/enzumore._.27_official,2019-05-19 16:58:01.731178
8443823579,rsgschwabmuenchen,https://www.instagram.com/rsgschwabmuenchen,2019-05-19 16:58:27.057558
6048648929,raph10rules,https://www.instagram.com/raph10rules,2019-05-19 16:58:53.774422
23168609,game.se7en,https://www.instagram.com/game.se7en,2019-05-19 16:59:24.319746
8356034663,stabberofficial,https://www.instagram.com/stabberofficial,2019-05-19 16:59:55.460958
45965952,mszmilly,https://www.instagram.com/mszmilly,2019-05-19 17:00:25.776007
3053903942,lwglasertag,https://www.instagram.com/lwglasertag,2019-05-19 17:00:56.485908
385630841,adimakinaruto93,https://www.instagram.com/adimakinaruto93,2019-05-19 17:01:27.263077
4846889576,gamerlife_14,https://www.instagram.com/gamerlife_14,2019-05-19 17:01:57.795931
1460327266,denizkenankilic,https://www.instagram.com/denizkenankilic,2019-05-19 17:02:28.275180
6338681495,thestroppyone,https://www.instagram.com/thestroppyone,2019-05-19 17:02:58.563190
5804324983,1inch_nail,https://www.instagram.com/1inch_nail,2019-05-19 17:03:28.637017
325585036,vitin27,https://www.instagram.com/vitin27,2019-05-19 17:03:59.289397
18754536,nattsu.t,https://www.instagram.com/nattsu.t,2019-05-19 17:04:29.789462
1046384231,bleyfoto,https://www.instagram.com/bleyfoto,2019-05-19 17:05:00.275513
5918226953,mondaychild2609,https://www.instagram.com/mondaychild2609,2019-05-19 17:05:30.921635
6825145695,sebis_picture_world,https://www.instagram.com/sebis_picture_world,2019-05-19 17:06:00.995421
2002825887,gin_kojiro,https://www.instagram.com/gin_kojiro,2019-05-19 17:06:31.520774
1537739292,tomjcarty,https://www.instagram.com/tomjcarty,2019-05-19 17:07:02.137220
4774596737,abandoned_utopia,https://www.instagram.com/abandoned_utopia,2019-05-19 17:07:32.689312
8526247828,outbreaks_crew,https://www.instagram.com/outbreaks_crew,2019-05-19 17:08:03.269231
8748872677,civil_ayre,https://www.instagram.com/civil_ayre,2019-05-19 17:08:33.659393
7795438026,youresportsopinions,https://www.instagram.com/youresportsopinions,2019-05-19 17:09:04.517279
4587923283,cyber_news_ru,https://www.instagram.com/cyber_news_ru,2019-05-19 17:09:35.165650
8379239638,mateofnm,https://www.instagram.com/mateofnm,2019-05-19 17:10:05.464454
1095588834,csglhf,https://www.instagram.com/csglhf,2019-05-19 17:10:35.874692
4736644729,veaglee,https://www.instagram.com/veaglee,2019-05-19 17:11:06.315575
8881717608,igc_clan,https://www.instagram.com/igc_clan,2019-05-19 17:11:37.184135
9054340392,hdwhitenigga,https://www.instagram.com/hdwhitenigga,2019-05-19 17:12:07.636823
8418822734,wearespawn,https://www.instagram.com/wearespawn,2019-05-19 17:12:38.167417
5492113022,faze_the_fuck_up_,https://www.instagram.com/faze_the_fuck_up_,2019-05-19 17:13:12.446944
2168809850,cuthxr,https://www.instagram.com/cuthxr,2019-05-19 17:13:42.621625
8950444088,oijoelapede,https://www.instagram.com/oijoelapede,2019-05-19 17:14:13.188539
5961883548,_3nv7_,https://www.instagram.com/_3nv7_,2019-05-19 17:14:43.979104
5864936810,cars_things,https://www.instagram.com/cars_things,2019-05-19 17:15:14.861543
6872542113,f_series_obs_ession,https://www.instagram.com/f_series_obs_ession,2019-05-19 17:15:45.280585
8969181454,maria.mezad,https://www.instagram.com/maria.mezad,2019-05-19 17:16:15.627996
312628782,evgeny_severin,https://www.instagram.com/evgeny_severin,2019-05-19 17:16:46.194919
428182768,matthewscerr,https://www.instagram.com/matthewscerr,2019-05-19 17:17:16.656338
1685408984,zeppeling1993,https://www.instagram.com/zeppeling1993,2019-05-19 17:17:47.031998
7129104064,hugrogers,https://www.instagram.com/hugrogers,2019-05-19 17:18:17.439938
4674372959,caiminjay,https://www.instagram.com/caiminjay,2019-05-19 17:18:47.930063
7411801062,jxlie.barb,https://www.instagram.com/jxlie.barb,2019-05-19 17:19:18.638782
7110754857,destiny.marie.poetry,https://www.instagram.com/destiny.marie.poetry,2019-05-19 17:19:48.971403
9066956644,ohmysweetshawn,https://www.instagram.com/ohmysweetshawn,2019-05-19 17:20:19.386063
846830739,leeernis,https://www.instagram.com/leeernis,2019-05-19 17:20:50.047029
1989100783,rudi94_fotografie,https://www.instagram.com/rudi94_fotografie,2019-05-19 17:21:20.557980
5215376860,gilgameshisis,https://www.instagram.com/gilgameshisis,2019-05-19 17:21:51.184851
2178711482,sunagimo45_cyber,https://www.instagram.com/sunagimo45_cyber,2019-05-19 17:22:21.714491
4117889412,sora_livana,https://www.instagram.com/sora_livana,2019-05-19 17:22:52.134719
271874323,marcrileyart,https://www.instagram.com/marcrileyart,2019-05-19 17:23:22.552676
224293237,laci.mehes,https://www.instagram.com/laci.mehes,2019-05-19 17:23:56.599642
1286333137,brnibblett,https://www.instagram.com/brnibblett,2019-05-19 17:24:26.983541
8919686638,lavi.kodakara.jomon,https://www.instagram.com/lavi.kodakara.jomon,2019-05-19 17:24:57.717080
2166954500,ruin_kihoon_lee,https://www.instagram.com/ruin_kihoon_lee,2019-05-19 17:25:28.345950
6920219385,through.the.residue,https://www.instagram.com/through.the.residue,2019-05-19 17:25:58.713979
7901101497,blitz5andfriends,https://www.instagram.com/blitz5andfriends,2019-05-19 17:26:29.708112
1216252517,kolorowaruin,https://www.instagram.com/kolorowaruin,2019-05-19 17:27:00.218781
8158880365,kennyxiao_dye_back_show,https://www.instagram.com/kennyxiao_dye_back_show,2019-05-19 17:27:30.739076
3447881534,ruin_napoli,https://www.instagram.com/ruin_napoli,2019-05-19 17:28:01.288295
589522397,jadethescott,https://www.instagram.com/jadethescott,2019-05-19 17:28:31.850783
7211989793,theirocproject,https://www.instagram.com/theirocproject,2019-05-19 17:29:02.712517
6106356382,thet1dwriter,https://www.instagram.com/thet1dwriter,2019-05-19 17:29:33.373586
6307164012,deniseschichan,https://www.instagram.com/deniseschichan,2019-05-19 17:30:03.992422
8996284048,supreme_katanaz,https://www.instagram.com/supreme_katanaz,2019-05-19 17:30:34.271694
6116253761,yeetus_her_fetus_,https://www.instagram.com/yeetus_her_fetus_,2019-05-19 17:31:04.903725
8472555479,born_gamers_community,https://www.instagram.com/born_gamers_community,2019-05-19 17:31:36.291068
546750029,skyyrhi,https://www.instagram.com/skyyrhi,2019-05-19 17:32:06.773399
8736539058,insta_spectrum_avee,https://www.instagram.com/insta_spectrum_avee,2019-05-19 17:32:37.022660
8598992708,kingsshanker,https://www.instagram.com/kingsshanker,2019-05-19 17:33:07.529000
7555212741,pubglist,https://www.instagram.com/pubglist,2019-05-19 17:33:38.243667
3652207612,zamierolhaizad,https://www.instagram.com/zamierolhaizad,2019-05-19 17:34:08.899851
8638736631,discordsunuculari,https://www.instagram.com/discordsunuculari,2019-05-19 17:34:41.153178
3110800004,iamkristx,https://www.instagram.com/iamkristx,2019-05-19 17:35:11.421748
8706594330,cursedimagesw,https://www.instagram.com/cursedimagesw,2019-05-19 17:35:42.050621
8133840775,terbiyesizabla_,https://www.instagram.com/terbiyesizabla_,2019-05-19 17:36:12.716246
8000902821,oppai.inc,https://www.instagram.com/oppai.inc,2019-05-19 17:36:43.219760
2291208176,rockfaceconstruction,https://www.instagram.com/rockfaceconstruction,2019-05-19 17:37:13.817086
