account,follower,following
fl_oky,1,0
iidizztv,1,1
damebutter_iv,1,1
thenerdspot12,1,0
netflixisawesomeuwu,1,1
go_a_town,1,0
k_ob_ie97,1,0
discover_travell,1,0
ggduaneofficial,1,1
officialsalices,1,1
igc_ghostplannet,1,0
twitch.snipes_24,1,0
dragonballl3,1,0
ttvthemadskunk,1,0
rivera.btw,1,0
psndunnq,1,1
t0pn0tchkharrma,1,1
fidgetspammer,1,1
gelbertee92,1,1
matheus_do_passinho_0ficial,1,1
adysa_95,1,1
favzn1,1,1
neffy92gamer,1,1
greasyttv_ryan,1,0
trooper.xbl,1,0
rustyalts,1,0
revivenewba,1,1
doztalks,1,1
bri_kcbcproductions,1,1
karrychoo,1,0
coyotesunglassez,1,1
prettyboyricosuave,1,0
jose_ct_0312,1,1
killkount1639,1,1
strafekinggaming,1,0
a.nnieleblan.c2,1,0
fortnite.posty,1,0
spikebenway,1,1
thetenderizedbaconcrew,1,0
xmissmars,1,1
ssang_ant,1,1
profizzel,1,1
spoonierogueyt,1,1
sbd_zyphr,1,1
aylareignxbx,1,1
twenty_eight_,1,1
juni462,1,0
offcentergaming,0,1
gsng_gaming,1,1
bitclub_kach,1,0
yangseller_tamidia,1,0
xwagermikex,1,1
apple_fn.fortnite,1,0
ytloyalsub4sub,1,1
hackxk,1,0
thehoundo5,1,0
sammcoolgamer,1,1
mbsamurai,1,1
actionforactors,1,0
everestblind817,1,1
_mr_sullivan_,1,0
socksoutracing,1,0
thegrimdad,1,1
argentinska_doga_lord,1,0
bkg.tv,1,1
deecolive,1,1
powerairsoftrj,1,0
spectreninja99,1,1
versusfps,1,1
williamk.russell,1,1
hzd_goliath,1,1
smacklikedatgaming,1,1
i_daniel_49,1,0
thagijose,1,0
c4myers,1,0
sui_7,1,1
hivebranding,1,0
alenerja24,1,1
theshimmerr,1,1
devil_g.a.m.e.r,1,0
omg_yes_dadddddddeeeee,1,0
cize_cmal24,1,0
divulgacao_lineage_2,1,0
therealsquishy,1,1
domain_name_que,1,0
the_only_real_angel,1,1
onelove_gamer,1,0
capriicey,1,1
jiggleforjesus,1,0
twitchewanbelbin,1,0
zeyeon1,1,1
noahshort95,1,0
whor3ton,1,0
hacksposed,1,0
baxerk.buxkets,1,0
iamklout,1,1
twitch_rtemps,1,1
rawcomedygaming,1,1
blackops_hacker03,1,0
the_yung_h.mac,1,0
mainstreetcornwall,1,0
swiftblxck,1,1
craazem,1,0
wethree_kingz,1,0
l_m_a_r_i_o_n_l,1,1
sweetd2424,1,1
jeredwl,1,1
my_names_bobs,1,0
notoriousdiz421,1,1
eris_app,1,0
fn.solo,1,0
tacitua_streamer,1,0
concha_paquette_585,1,0
kohnflict,1,0
happypygmypuff_art,1,1
ths5star,1,1
impossible.bot,1,0
eduardo_esposito12,1,0
the_firey_fox,1,0
cozy_curse,1,1
lldgraphisme,1,1
420murdergang,1,0
glonavyfilipe,1,0
plus14_d,1,0
selling.fortnite.acc.ounts,1,0
bonelesspei,1,1
health_is_wealth_054,1,0
martyleet,1,1
cod_sean,1,0
meowmetz,1,1
twitchstorkyyy,1,0
dalogo_,1,1
itzjustbanshee,1,0
tiotheking,1,0
nick_elly_real,1,1
ecstaticgames,1,0
jewmafia.v2,1,0
the_c.lane.f,1,1
extremelydank.memes,1,1
evia_bruketa_768,1,0
eleetedemonhunter,1,1
meganprobst_compass,1,0
jessijane00010,1,0
internetfistbump,1,1
krypto.xfce,1,0
harrisfam4life,1,0
julianojula,1,1
l3gendkill3r7,1,1
cnansjdk,1,1
daffodizzy,1,1
_clocked_it,1,0
triersmalas,1,1
daredevilkitty,1,0
up_stats_wot,1,0
theauthenticlight,1,0
itsyoshh,1,1
blackops.infinite,1,0
bois_nite_owt,1,0
domrip_tv,1,1
qqtt4,0,1
garyr7825,1,0
group935news,1,0
frankdejesus0314,1,1
mksuedephoto,1,0
chile_plus3b,1,0
chibilovetv,1,1
jayteebabyfn,1,0
exxonleal,1,1
maujeh,1,1
acrozzz,1,0
xxnastee_n8xx,1,1
chitown_cam,1,0
ttv.concentratedmind,1,1
vk.gawz,1,0
mizuiro_kojima,1,0
r3bel_7,1,1
yoseaf_66,1,0
liqhtbrinqer,1,1
myfatjiggles,1,0
danemo666,1,1
orphandonorna,1,1
str_baboon,1,1
n1njastahr,1,1
tvgcrack,1,1
kidwithglocks,1,0
silverbullet_photography,1,1
ghost_flufff,1,1
momosguaido,1,0
xx_dude_xx_91,1,0
kaizillah,1,1
exsoticssetups,1,0
th3hammer,1,0
exaltedsteel,1,1
d19dub.ttv,1,1
anasskaniki,1,0
basic_cod,1,0
super_sponge_98ek,1,0
wowhair.toronto,1,0
imdiazzi,1,0
desperadow_mlg,1,0
esdmod,1,0
completionistxander__,1,1
freevbucks940185,1,0
bitronics.co,1,0
editzzzvansaly,1,0
xlpredator_818,1,0
the_gibbons_kidz,1,1
alpha.kartell.fans,1,0
suemayyeahh,1,0
futoncrusaders,1,1
condenadosairsoft,1,0
coacherikaherbalife,1,0
amazing_fortnite_clips_,1,0
amogley,1,1
wolfer_tv,1,1
secretagentsauce,1,0
o_alienotic,1,1
zanegaming_,1,0
jeysynn,1,1
sweet_baby_store___,1,0
pubg_royale_tournament,1,0
ibe_screwed,1,0
instalully,1,1
l_theoo,1,1
jeffudo,0,1
akka.legend,1,0
dark.wolf.13,1,1
ecobeast_ftw,1,0
my_love_larissa_murai,1,1
theazurepictures,1,0
rshoodies,1,0
zzzzzzzzzzzzzzkdkdnend,1,1
arma3life_modded,1,0
dwolf_94esp,1,1
damienchilcott,1,1
thenextjapter,1,1
camszii,0,1
crackdd_,1,0
lifelstemporary,0,1
gamegirl2205,1,0
ttvpinkinsanity,1,0
karl.something,1,0
bigapain,1,0
cod.lone,1,0
el_magnifico1997,1,1
wonky_lvl_xp,1,0
zunigaclutch,1,1
zkunk_tv,1,1
ectroh,1,1
tougemotorsportteam,1,1
josebenitez8843,1,1
teambasicgaming,1,0
iamwulferin,1,0
rich_off_mondo_podcast,1,1
graphics_ally,1,0
ps4cuentasyjuegoschile,1,0
quippsclips,1,0
txrvaxmessxr,1,1
ashley.gamer2018,1,0
twitch_studiousfool,1,1
rocketleagueunderground,1,0
power_surger,1,0
flukeysage,0,1
cybernationcbnx,1,1
captaingaming_pa,1,1
gamingroomdd7,1,0
iamlyf_,1,1
youthwagon,1,1
accountstore.ca,1,0
preston__m3,1,0
dom_lucci_twitch,1,1
hollywilliams469,1,0
abdulahad1739,1,0
callofduty_b_o_4,1,0
ttvpackable,1,1
serenduputy,1,0
tiovizion,1,1
geez3r71,1,1
abc494949494949,1,1
besbes1988,1,0
mzprofanity,1,1
mr_perfect_70480,1,0
duchesgaming,1,1
realest_rain,1,0
melbabyx,1,0
ftown_ghost,1,0
reece_kerr88,1,0
cristian_sera,1,0
youlanda_kaya_832,1,0
citizenbovine,1,0
gal_peterlin,1,1
silverfoxgamesps4,1,1
dillnivat,1,0
youplay4.cl,1,0
zizox0127,1,0
shadow01f,1,1
ig._kaneki,1,0
official_cheesey,1,1
sadcrypto,1,0
ttvprobuilder,1,0
playsonyzr,1,0
thezazzz,1,1
unmaskedorg,1,1
168_toruko,1,1
_wyih,1,0
the_mightymouseftw,1,1
twitch_mosesmeza,1,1
fast_voltage_gamer,1,1
its_maguadog,1,1
top.dx,1,0
jayptwitch,1,1
kingechosmart,1,1
vxnsy,0,1
fletch813,1,0
xaangooo,1,0
megatonhookshot,1,0
jksupertrooper1,1,1
guccigaming21,1,1
jollyzgoat,1,0
brujomeansorcerer84,1,1
gram.hugefo11owerz387,1,0
mrsxpanda,1,1
elliottsgaming,1,1
sheikh_memes,1,1
muxgraphics,1,0
gaming_fvnvtic,1,1
mercyfil,1,1
jayroc_08,1,1
shopefizzle,1,1
lyrawk22,1,0
jg_nectar,1,1
r3dversion,1,1
freneticgamescol,1,0
germanstreamer,1,1
puffadler,1,1
legolasstv7,1,0
jmalottius,1,1
mkrmakarevich,1,0
rgbtv_games,1,1
lyeslmmoddingl,1,0
shunderz,1,1
tommy_lovee,1,1
girl_gamer_18,1,0
dublincaliforniahomes,1,0
phridayentertainment,1,1
fouerno,1,1
6ix9ine_9,1,0
ahknu22,1,0
dwill_us,1,0
juicethelame,1,1
memeazons,1,0
ixi_scep,1,0
bo4spicy,1,0
overwatch_short_clips,1,0
stonecenter.durhamnc,1,0
a_random_accoun,1,0
andysdesign0229,1,0
leosefar,1,0
breakingvanessa,1,1
kryptic_ninja_,1,1
jagaha.com_,1,0
goodgamereport,1,1
littlehoundgaming,1,0
schizomaniac69,1,1
hg._clan,1,0
use_code_itzdazzayt,1,0
knightninja465,1,0
lone_wolf_pc_xbox,1,0
fortnite._leaks._,1,0
ytfrankiebailey,1,0
phillox_,1,1
robertgraham9150,1,1
joceanleo,1,1
jeterjkt_gaming,1,0
charmingmisfit,1,1
primospizza618,1,0
twitch_paranoia,1,1
xdome__collector,1,1
erintatta,1,0
justinabrpt,1,0
astroavery15,1,1
realm_royale_masterclips,1,0
lisarussellwitherspoon,1,1
belated2_,1,0
ardannu_5603,1,0
anne_m_8,1,1
kane_kingpin_chapman,1,1
bemau__,1,0
fnbr01,1,1
beakwashere,0,1
gameonend,1,1
killercompany11,1,1
elite_sickness_gaming,1,0
bloodigertv,1,0
the_war_clan_5346,1,0
fortnite_br_daily789,1,0
ttv.deselz,1,1
gamingbox__,1,0
thareal_lilswayze,1,1
jefferyclout,1,0
shoock_gt.gaming,1,1
vulcanxs,1,1
punknarwhalz,1,1
ftimmobilien24,1,0
phrenzie_,1,0
nimazariniii,1,1
max42014,1,0
trenzyfanpage,1,0
komal.krishna,1,1
its_bliggy,1,1
slr_fortnite,1,0
sergio_512_956,1,1
jhonnyzea,1,0
powergoldenveronica,1,1
convertobot,1,0
playstation.aesthetics,1,1
pearl.stash,1,0
fhlaresxbl,1,0
hayden___jarrett,1,0
r4mstudios,1,0
fornite_clipsdaily,1,0
chase_hunter8,1,0
holyavocadostv,1,1
kletzgaming,1,0
_sondaggi_napoli_1926_,1,0
startrekgame786,1,0
postponed_28,1,1
hindi_.memes,1,0
andreitagom123,1,0
vicdamanttv,1,1
c01stv,1,0
disobeybtw,1,1
ma_noi_che_ne_sappiamo,1,0
belen_markers,1,0
thewelsh_noob,1,1
deltaondemand,1,1
fezinho_smurf,1,1
nicolegarcia._queen,1,0
fortniteclipsfunny2,1,0
pubg_09_,1,0
pleasantonhomes,1,1
moderndaydad,1,1
krishg189002018,1,0
profession_elly,1,1
_sthenonl,1,1
paulsoreal,1,1
the_animalisticrage,1,0
ps64_jack,1,1
dejesusjustin0622,1,0
king_msk_msk_please_subscribe,1,0
cookieefromxbox,1,1
declinebtw,1,1
_.adults_only._,1,0
cooper_ytg,1,0
elricangamer,1,1
sacrafice_plays,1,1
kombatlink,1,1
javirmira_,1,0
exxtremitytv,1,0
slimypollywog,1,1
vuuzle.live,1,0
adeledoherty,1,0
popcornboolatt,1,0
bread_jesus__,1,1
das_karnickel,1,0
tipsytune,1,1
fortnitebumbs,1,0
st_pid.memes,1,1
shutterghosts,1,1
chiccachiccaplaysgames,1,0
ms15marshello,1,0
nasilemak_nanura,1,0
kiingerxx,1,0
lucascavalheiros16,1,0
infinityhellz,1,0
fxck5o,1,0
mrdarkphoenix,1,1
stacked_fortnite_accounts12,1,0
__.dobraya.__005.__,1,0
boost.followers.fast9,1,0
owenywan,1,1
sizzygaming,1,1
ashtonshyper,1,0
kango_and_abigail,1,0
marvin_xrp,1,0
medicarebear,1,0
unreciting,1,1
fayez.3tosh5,1,0
spenygc,1,1
beyvas0548,1,0
designerd_x,1,0
abramosgym,1,0
spooner150,1,1
57s_thug,1,1
j.h_gaming,1,0
hasny_insta,1,1
cadelastovica,1,0
kr0n1c_rampage,1,0
translations_tv,1,0
martijn_photographer,1,1
codsource,1,1
troykenz,1,0
bloodlustr,1,1
dat_way_gamer813,1,1
rajogaming,1,0
shoutoutstwitch,1,0
willgame4crack,1,1
baddludo,1,0
landysgunnagetya,1,0
ocartersmith14,1,0
thats_ted_bundy,1,0
icyfreshuk,1,0
gxskillz828,1,1
sambal_bilis_garing_,1,0
eri00603,1,0
obsoletegaming23,1,0
scotty_snippins.tv,1,1
official_riyaj_sheikh_143,1,0
zerotoleranceggs,1,0
ttv.chung_lee_,1,0
sambal_meletopsss,1,0
pandababyy_,1,0
liamalecn,1,0
ok_hyjek_670,1,0
n8ivewun,1,0
bdlmnmlrys,1,0
nickharnden22.ttv,1,0
holleywolly,1,1
jared.m.patterson,1,1
mood.editz__0,1,1
radioactiveclips,1,0
queeniekris,1,1
bigcountrydude1,1,1
keeppounding336,1,0
masonassetmgmt,1,0
ttv.gamedestroye621,1,0
psnpluschile._,1,0
scelasprod,1,1
hykata,1,1
lucid_esports,1,0
ruthless_clanbtw,1,0
elvalium_saissi,1,1
mikey.chavez.mireles.jr,1,1
_god.2k19_,1,0
kindlyathena,1,1
exploredestiny,1,0
game_change3,1,0
julianho8810,1,0
captplungertv,1,0
tristan.is.a.man,1,1
clade.bundle,1,0
_blackoutofficial__,1,0
bando_.jkeezy03,1,0
mystikmolone,1,0
shaira_alex,1,1
malestyleinfluencers478,1,0
redneck16yeeyee,1,0
bayraa21,1,0
wildcat_crappy,1,0
tigerkennedylol,1,0
ttv_xxaustinxx,1,0
twitchcomic,1,0
igroman.game,1,0
meashkat_official,1,0
world_deadest_account,1,0
iciiness,1,1
keepitxen,1,0
bo4clipsandnews,1,1
thedonplays,1,1
critangotv,1,1
1800_black,1,0
specialistmarketing1,1,0
ib_smooth_twitch.tv,1,0
crimson1590,1,0
shademurk,1,0
fifa19.fornite.account,1,0
eicgaming,1,1
xmere_reignz,1,1
africaids,1,0
2townfilms,1,1
yan_ken_po,1,0
official_boss1459,1,0
loudlifegaming,1,0
pleasefixfortnite,1,0
marlous__vhouten,1,1
_prettyboipanda,1,1
riot_draco,1,0
1518dhsvuz,1,0
fredisstoned,1,0
beat_saber_expert,1,0
rxsurrx,1,0
michealsmith4065,1,0
jacksantanamakeup,1,0
clisp_de_fortnite,1,0
cherrys.fortnite,1,0
breezeeyt,1,0
prosecurityamerica,1,1
tokyo.zack,1,1
neonewtwitch,1,0
jori_boii,1,1
_cr1mson,1,0
bustycheeks,1,0
viimto.gaming,1,0
g4geared4gaming,1,0
trubelovedtitan,1,0
fmmc.x,1,0
alicessmokehouse,1,0
cuentasplus_ps,1,0
south.los.mrz_quinn,1,1
deputyclyde,1,1
nastynate254,1,1
nafissathgambala,1,0
westexessay,1,1
juanpablo.coloma3,1,1
rockdad1984,1,1
sahmeer_dodson,1,0
x_tarp,1,0
sssnyper,1,1
smur_g,1,0
kamlesh709699,1,0
greenmonstahgaming,1,0
team.ikreate,1,1
how_high818,1,1
rise_gaming_sponsorship,1,0
ironpr3dat0r,1,1
gamerdon.co,1,0
srmike679,1,0
kulit_sihat.mekap_cantik,1,0
madkittygamer,1,1
lpu__top__model__2019,1,0
itz._carlxs405,1,1
sambalviralberhantu,1,0
eat_that_ass445,1,0
tribugamer,1,1
arenaysol.usa,1,0
quackingbird47,1,0
therepublicofamerica,1,0
xsuprememvp,1,0
ttv.godpandemic,1,0
sibsab_active,1,0
thefirmcommunity,1,0
creepy_miessner,1,1
f0rtniteislit,1,1
bae.gaming,1,0
lostparadise_gaming,1,0
2_follow_me_2,1,0
hayleymaree1999,1,0
king_snipes99,1,0
pclipy,1,0
theloftboyspodcast,1,0
iamtrapgodtrow,1,0
maximussgaming,1,0
fjjjhhvfdvvg,1,0
gamingoption,1,0
figures__uae,1,0
jxrritoz,1,0
addemslit,1,1
gamingbruddahs,1,1
spaceghostpurppfacts,1,1
a_pineapple2900,1,0
lr8pu,1,0
ruiyan,1,1
my.memes.are.potato.quality,1,0
sambalhitam_tokthevaini_kt,1,0
nukedzombae,1,1
yovitaminyo,1,1
sis_nobsweet,1,0
andriosgameplay,1,0
rammyham3839_,1,0
lineage_44,1,1
ninjaiiisky,1,0
topgoonofgtav,1,1
blaze_8903,1,0
dxplantgaming,1,0
bryanchavez240,1,0
toppromo_ett,1,1
napalmstriker22,1,0
chrollor,1,1
pxrple_is_iced_out,1,0
erineidesantoss,1,1
hyper__rashed_ios,1,0
mrmustachio01,1,1
kaktus__shop,1,0
thatonesushichef,1,1
joshuadmusgrave,1,1
xlightzsz,1,1
humblevet_,1,1
jalenthegamingpredator_,1,1
tiago_limalone,1,1
ianmannecke,1,0
muhamed._.farhad,1,0
thetrivalley,1,0
samiggfr,1,0
robhearn1990,1,1
fuyarte,1,0
elisapeachy,1,1
grimlogic_,1,1
sportyscrewup,1,0
rishafashionstudio,1,0
kate_dawsson,1,0
dcq_p3achz,1,0
ham_cam.ttv,1,1
therealantmania,1,1
ronin_2211,1,1
sincerely_robots,1,1
jdtaperla,1,0
guesswhoosgaming,1,1
qu.y3,1,0
discordcommunties_,1,0
twitch.tv.junara,1,1
arekayem,1,1
too.freash,1,1
dataarongamez,1,1
spartansniper81,1,1
yasmine_cowell_692,1,0
ns_jezusdabz,1,1
zephyrospro,1,1
lawrence_porter_peligroso,1,1
reddotzzgaming,1,1
nostoplease._,1,0
lakersam_,1,0
kilvapx21x,1,1
bigbovice35,1,1
caccin.niko,1,0
kontemplay,1,0
nohcoh,1,1
glitches.get.stitches,1,1
oniichanproductions,1,1
yt_xihomicide,1,0
papastoneslol,1,1
rikbite,1,0
flipperscinema,1,1
wrapsandbows,1,0
kitteenx,1,0
niclas_bone,1,1
miiracletv,1,1
hillzwilsonyt,1,0
theevilcupcake95,1,0
analystaf,1,1
iknowgeekfu,1,1
gamerdad_hi,1,1
trihpuhl_gaming,1,0
slowtoken77,1,1
financialbananasplit,1,0
mixer.ezycramer,1,0
victor_machca,1,0
fb_kaoticchaos,1,0
liesedstream,1,1
epo.gamingofficial,1,1
eastrock.music,1,0
noscope_og,1,0
shopeeyra_,1,0
ekin.mey,1,1
vassertcl,1,0
tke_pritchard,1,0
x_iemaa,1,0
apprentice_arriving,1,0
tenthieves,1,1
ahryess,1,1
gimgwanim,1,0
beardygazpacho,1,1
cameroncoe2006,1,0
shabbarhys,1,1
maiq_tha_stoner,1,1
xploitsfps,1,1
xboxpapi100,1,1
pants.tv,1,1
exotic_verq,1,0
jackalacky,1,1
tkillamx,1,0
soargains,1,1
bambaweb,1,0
millenabbezerra,1,1
xbsquar3d,1,1
markhorvath1,1,0
phiri_jacobs,1,0
eycefmobilegames,1,0
hiashwee808,1,1
itstrevcy,1,1
clash_pgmta,1,0
twitch.amypepper,1,1
i_give_my_packs,1,0
gamerplanet2020,1,1
shotdefense,1,0
imbot420,1,0
mimismith563,1,0
adeanx9,1,0
autoinfinitus,1,1
sffs_whisky,1,0
baruchagaming,1,1
team_siir,1,0
vq2222,1,0
duvii_sm0kes,1,1
taylorov_isaiah_x_unknown,1,1
littermad,1,1
callofduty.2019,1,0
tomclancydied,1,1
omegastraingaming,1,0
tru.theft.villians,1,0
the.hightones,1,1
ooshamrockoo,1,1
dltjsal100,1,0
neonsokak,1,0
karyaciptamedia,1,0
noah_stubbzz,1,0
saytlarinhazirlanmasi,1,0
the_viking_king__,1,1
dastardlygentlemen,1,1
hojisdope,1,1
michael_alv77,1,1
scenehairdaily,1,0
themousestuart,1,0
lostinthepopp,1,0
xoxladyredxox,1,0
trexskittles,1,1
alielladevil,1,1
itzjusdomz33,1,0
nuk3town_gaming,1,1
eddie_youtube9,1,0
regalasorpresasnyc,1,0
officialmackzmuic,1,1
jibblyhemmings,1,0
agentboblive_leeloo.woof,1,1
xnvrofficial,1,1
brandon_lithal,1,0
marabou_delson,1,1
idknasty,1,1
scarlet_bedcover,1,0
knightcapss,1,0
twitch_derxxvadder,1,0
doctortay_gaming,1,1
franc._.isco0,1,0
xxskyxzqueenzx,1,1
yournanisfavgamer,1,1
boychocolatetv,1,1
scuzzay6,1,0
the_fairtelevision_show,1,1
bambgaming,1,1
chancethekappaa,1,1
dj_isthegoat23,1,0
codbo4musicsync,1,0
g6esports,1,0
coachtheresastanley,1,0
tiktok223344,1,0
fortnice3,1,0
slobbattv,1,0
codshowpodcast,1,1
doucheldorf_,1,0
ralphtheweber,1,0
vergara_nico,1,1
fos.vexsure,1,0
noworriesever,1,1
caedus7k,1,1
blackzxn,1,0
h_mcdflcth_gch_,1,0
legionario2050,1,0
ag87blklx,1,1
ryoushistreams,1,0
shadowsnutty,1,0
kaliforumengan,1,0
history4gamer,1,0
estacaogameplay,1,1
liakennedyx,1,0
regg.numbs,1,1
shutuplates,1,1
akimbosintern,1,0
philcyri,1,1
fatum_aze,1,0
temperxtantrum,1,0
factsabouttexas,1,0
fortnitetiltedtowers,1,0
dedprzdntx,1,1
yourpleasantonhomes,1,0
milkhoneycoffee,1,1
atw_goat,1,0
daziboi998,1,1
ragingjulio,1,1
erdocgaming,1,0
professionalmurderbarbie,1,0
_kaizer231,1,1
mattstfu_,1,1
chocolate.pack,1,0
stefanisop91,1,1
mr._tryhard_boy,1,1
itspapobaby,1,1
restricted_lyrics,1,1
slp.elt,1,1
voltarelliedu,1,0
zendoe300,1,0
hobbsington_the_3rd,1,0
gamers_campaign,1,1
jaredgomez070,1,0
fnbr_concepts,1,0
gg_games61j,1,0
immortalxkye77,1,0
dirtysalleys,1,0
vitoria_ta_no_sangue,1,0
gamer_of_sometype,1,1
fraggedyann,1,1
cherilyn_pullum_432,1,0
codclipscentral,1,0
_fornitefan_rareskins,1,0
talesanura,1,1
lowerstho,1,1
jytc_follow_4u_like_byki,1,0
twitch_cheeks,1,0
tinywolf220,1,0
twitch_j_mic,1,1
missmutiny,1,1
canofchaos,1,1
mermaid_skillz,1,1
thekvrii,1,1
typicaldanks,1,0
tfgfx.yt,1,0
headshotxlcsx,1,1
my_dress.code,1,0
binaryghoul,1,1
rob_and_jan.kennedy,1,0
ur_stepmom_likes_my_memes,1,1
sarasari5650,1,0
maceyfbabyy.ttv,1,0
x0.81,1,0
sonhoonttv,1,1
dogxsoldier,1,1
dadestro_,1,1
mandel870,1,0
xblmuncher,1,0
frasespe20,1,1
amydavis878,1,0
allusuk_gaming,1,1
_rezvo_,1,1
jdoskskddwd,0,1
jdeanpineda,1,0
shaqrozayvg,1,1
blackx90z,1,0
_.pubgmemes,1,1
nuttycow1982,1,1
gabrisuarez9,0,1
mermaidbeautyspa,1,0
khalilah_chuah_657,1,0
snnonlinegame,1,1
donewiththis13,1,0
breadx.us,1,1
xxskeletor_07,1,0
slothdsgn,1,1
fn.tourneys,1,0
skritzo,1,1
mako_104th,1,1
6ixsupply,1,0
sambal_kronik,1,0
tatiana_shichkina,1,0
azriel_rm,1,1
gamers_report,1,0
philramos_,1,1
wikk3r,1,0
bubblymammal32,1,0
hebejisnan,0,1
xadx_21,1,0
nick_paz,1,0
its.zeuz,1,1
illredwarriorlll,1,1
dj_dashking_xoxo,1,0
artemisexokrim,1,0
focusedshadow22,1,0
faztitiez,1,1
thebotiquim,1,0
brometheusprime_1.9_,1,0
gt.antishocker,1,1
skyyyaltzz,1,0
cuboac,1,1
its_zeee_,1,1
2018_mortal_kombat_x,1,1
omega.xpressmg,1,0
chalklinefaces,1,1
zaqs_kitchen,1,0
fortniteplayer_shoutouts,1,0
ssgtsams,1,0
sofyahandsock_mrsiron,1,0
drock86p,1,1
the.flying.cactus,1,0
miss_gore_fan_,1,1
adviceforlife25,1,0
hotrolin_febrianto_sidabutar,1,0
christian77322,1,0
japanzoncom,1,1
passionately_nerd,1,1
fortnite_siicario1,1,1
flymo23_ttv,1,1
sixslots6,1,1
pupeawboonprasom,1,0
wwbennyvgd,1,1
clean.v1,1,0
thekamzoneshow,1,0
raven_god_gaming,1,1
rj_music,1,1
lxxdevxxl,1,1
ledlisozler,0,1
phen0menaltv,1,1
baquesque_smithenco,1,0
detrucci,1,1
_brymann,1,1
drak0nf1re,1,0
dreadedpump,1,1
youtube_dejavugg,1,1
gvdsumlyte,1,1
no_fun_game,1,0
hp0416y,1,1
xehikem,1,1
prasanjitd809,1,0
wisnuikadek7,1,1
darkclan_gaming,1,0
doomsday715,1,1
hiitsjetrhs,1,0
xalissaaaaax,1,0
bubblenugget925,1,0
marelena448,1,1
ezehmedia,1,1
thesanity_ttv,1,0
mrcoolaid0,1,1
codekhosh,1,1
glorygiraffe,1,1
youtube_tech_and_gaming,1,0
ihikmal._,1,0
lackdown101,1,1
farbodyarahmadi,1,0
seancuda_fashion,1,1
theco_opcouch,1,0
motioninprogress_,0,1
theebestjoker,1,0
codvictor1,1,1
blackout4_skr,1,0
doctattv,1,1
t.tv_littlerustie,1,0
itsvesxpa,1,0
barberart_mastellone,1,1
windshadowyt,1,0
memes_with_rupert,1,0
timmy.tom.4323,1,0
cod_j3r3mt0n,1,0
tommasobeninati5,1,0
propergeeza,1,0
bo4.codclips,1,0
fnbrllama,1,0
anigames206,1,1
vaultboyengland,1,0
its_y0ung_tc,1,1
blankiest_boi,1,0
gummibaergaming,1,1
use_code_leokar2play,1,0
clarksclearance,1,1
shispion16,1,0
canethecanecorso,1,1
mfn_sp00by,1,0
tommiigunzzz,1,1
xlr_l3g3nd,1,0
zatana21,1,0
iq.thickerthanasnicker.iscute,1,0
edc_eleven,1,1
gdhensgsghe,1,0
durwein,1,1
votikaxbox,1,1
vaultmeepic,1,0
troninaalisa400,1,0
itsladyvenus,1,1
illusive.miller,1,0
cjfals12345,1,1
nichv325,1,0
asinphix,1,1
plus.chileeee,1,0
jokerk1998,1,0
readyupryan_,1,1
abnormalsynapse,1,1
_korrupt___,1,0
freedomcleanse,1,0
qirattrebla,1,1
mx5shadow,1,1
ozruzz,1,0
bazethon,1,1
kahotic_klover,1,1
toysoldi3r52,1,0
gloriaccreat,1,1
elianaboratto_eelebefotografia,1,1
frannie_s2,1,1
skottbox,1,0
codeblacktournament,1,0
f0revertitan,1,1
gamer_life77,1,1
player_9_pauli,1,0
qmglovele,1,0
corenewright1,1,0
talkmyish8605,1,0
kaela.plays,1,1
hudson_lee_,1,1
prpua,1,1
alsawas.alazizia,1,0
kol7071,1,0
worpd_record_pickaxe,1,0
dani._105,1,1
jussjosh215,1,1
nanoluyam,1,1
mrsangela.twitch,1,1
goldenweasel,1,0
apexlegendsmap,1,0
imrcreator,1,1
mydearestappolo,1,1
noviadeldoctor,1,1
butterflyknife_tricks_,1,0
ttv_exotickz,1,0
forlacstore,1,1
mvnetize,1,1
marathongaming187,1,1
nathan05r1os,1,1
theundeadnationtv,1,1
ejamir.22,1,1
kirad1999,1,1
morfgaming,1,0
tr1ggaagaming,1,1
lex_the.mommabeast,1,0
t09bgaming,1,1
audi_northtexas,1,0
beatswaarn,1,1
pubgtournamentsdaily,1,0
fiver_rp,1,0
twitch.wefoundthebody,1,1
fortnitefanposts,1,0
ven_son_ejyk,1,1
creamsodaz,1,0
makeuphoodx,1,1
justlaplatac,1,0
metin2paylasim1,1,0
_uncooked_,1,1
chickendranugget_ttv,1,1
lv.royaltyy,1,1
spoofenberg,1,0
extatx,1,1
blackops4.highlights,1,1
toobrightgaming,1,1
xxgeneticsssxx,1,0
jussithefirst_youtube,1,1
supernudist,1,0
wavy.idark,1,0
jonesr118,1,0
animusvile,1,1
photations,1,1
seth_deokielal,1,1
bornfiregaming,1,1
vu.kingeric,1,1
theagathist_,1,1
panettaalessio,1,1
justcallmeswift,1,0
inspecteur_coin_coin,1,0
sashaweimer,1,0
cryoshotz,1,1
theimpking,1,1
iron_giant0_0,1,1
h1phop_socialmedia,1,0
spyderkaigamer,1,1
fnd_olshop_pgmta_jktpusat,1,0
taankttv,1,0
caarmeenglez,1,0
callsign_silky,1,0
jackyomlet,1,0
fortnitemythbusters,1,0
bad_guy_gaming,1,1
thomaswdrd,1,0
opa_amn,1,0
mediocrehats,1,1
zaiyken,1,1
we__tbh,1,1
akame1219_ttv,1,1
fortnite.argentinaaaa,1,1
epic_moments_gaming,1,0
ttv.litneyhouston,1,1
kmc_gaming,1,1
vapxfr,1,0
otam_zey,1,0
modernwarfare101,1,0
chaseyboy_mixer,1,0
es_29d,1,0
tushenka.airsoft,1,0
gameplay_gamerz,1,0
laquesillera.1,1,0
fluxity_void,1,0
skinnybalboa,1,0
sn.100559,1,0
arena_of_gaming,1,0
borrachooarg,1,0
jafetmarcruz,1,1
kaitlingillphotography,1,1
justpolottv,1,1
element_lynx_fortnite,1,0
whyzdnd0728,1,1
ttv_roronoa,1,1
jeff_doqu,1,0
zkqh1,0,1
supportallstreamers,1,0
zvanyi_r32,1,0
robbiefleener,1,0
panzergetfit,1,1
gamvon,1,0
kingshadow1051,1,0
apexlegendshighlights__,1,0
mexihcah_tattoos,1,0
ogxcurryttv,1,1
cdshop65,1,0
exor_studios,1,0
edgypopular,1,1
liyu.yan.16,1,0
gabegonzgram,1,0
devinxbreezy,1,1
thesneakyi3lack,1,1
ibustbigones,1,0
stinwardgaming,1,0
official_noar,1,0
youtubesecretsclub,1,0
vodka_victory45,1,1
hair_skin_products,0,1
gambinov2,1,0
snippyloco,1,0
alphakartell.fanpage,1,0
spray_viral_mrsiron,1,0
amkrxo,1,1
l1fetop1cs,1,0
dewman_27,1,1
barackohllama,1,1
arredondonoah,1,0
greypaladinart,1,1
an3mosgamer,1,0
wowangell,1,0
takenperkz,0,1
murder_tramp13,1,1
borato_fortnite_gang,1,0
spunkieeshow,1,0
iamthatguy84,1,0
codbo4.highlights,1,1
jordan_todd,1,0
jedidraxx,1,1
theawedam,1,0
frfortnite_actu_clips,1,0
box_mannn,1,0
tonometry_,1,0
marvelheroeskru,1,0
bettergames_brasil,1,0
toxicsnip3ryt,1,0
siorests,1,0
mr.slogish,1,0
d3marx,1,1
swishahaus,1,0
drewsmith66_ttv,1,0
_alemari03_,1,0
ant3zy,1,0
zzzzei2,1,1
skatescape,1,0
mi_lo_jacobs,1,0
katia_harumi_,1,1
avery.902,1,0
secret_horsemen,1,0
mustapha_yrn,1,0
thelaststepgame,1,0
mysticshep_ttv,1,0
lol_team_bingo,1,0
fmx_riot,1,1
htxnk,1,0
xoxim_,1,1
wakaicons,1,0
luiyigamerpty,1,1
thetampabaybandit,1,0
striateabyss697,1,0
trivalleyrealestate,1,1
matiascapitao,1,0
dank_potted_plant,1,1
drhemotoxin,1,1
flizzyhussle,1,0
roosterkills13ttv,1,1
brightness0323,1,0
gaminganywhere,1,0
_zarabotoc_halal_,1,0
fortnite.selling.qq,1,0
jackshort25,1,0
detroy_les.rl,1,0
nuclearblitzz,1,0
king_famg,1,1
angelo_gaming_yt,1,1
hiking_gamer,1,1
billionaireboyyoutube,1,0
_kickace,1,1
bagjeonghwa960,1,0
thelegendarmy,1,1
_._.queen_sierra._._,1,0
cahj1n,1,0
xtasy_steely_g,1,1
irwyy,1,0
winstonr2,1,1
famouz_king_gaming,1,1
pechupower_official,1,0
juulrik,1,0
lostfate602_aka_odie_one,1,0
the_ebe,1,0
guppy_1309,1,0
baked_potato_blog,1,1
deadsector1988gaming,1,1
nate_rockstar,1,1
digi.sat_2018,1,0
anjimplays,1,1
world_of_camilarose,1,1
youngog_bog,1,0
dessdesolate,1,1
baldy_151,1,0
broomsquadgaming,1,0
zackobenson,1,1
fortnite_royal_battel,1,0
atkadar,1,0
fortnite_account_4sale___,1,0
thehappynoobplace,1,0
yamirdc,1,1
neekgaming,1,0
jadeinkling_sfm,1,0
boringboytroy,1,1
bo4.lmao,1,0
mystery_why_y,1,0
depressed_breadstick_,0,1
vanbroskigaming,1,1
phridayent,1,0
andrewroodt,1,1
datgamergirl0,1,0
super.duper819,1,0
beatzyoass,1,0
sweatipad,1,0
sweenstr62,1,0
gaptoothgaming,1,1
happyfeetttv,1,1
cracking.plug,1,0
lifrpodcast,1,1
nullkiller909yt,1,0
insanewildcat.ttv,1,0
teammanbear,1,0
batmanding,1,1
dadibus_gaming,1,1
the_meme_man102,1,1
felicia_marie086,1,0
jane5663,1,0
drdoinkenstein,1,1
gmnbtw,1,0
vacatures_logistiek,1,0
1inkz_,1,0
original_beast_d,1,1
9icetea,1,1
dankdaddyboi,1,1
jiangshidoll,1,1
aliensabductedmetwice,1,0
itskikroxx,1,0
scrap.meme,1,0
gvapkapo,1,0
ksjdkdlsksjks,1,0
yow93tm3,1,0
dakingofmemes617,1,0
mrmetalmangaming,1,1
gamersgaminggames,1,1
i.ll7n,1,1
victor__csgo,1,0
spyzr.ttv,1,1
pass_the__salt,1,1
zippo_made,1,0
mrvendetta824,1,0
fortniteaccnfreefifa19utcoins,1,0
twitchschwarp,1,1
pubg_4x,1,0
360.fov,1,1
rtstreamer,1,1
ferna_nino,1,0
rickdickmeme,1,1
orchard_eu,1,1
clanfyb,1,1
cuhhgaming,1,0
topherisdumb,1,0
envy.synergy,1,0
