href,dow,key
https://www.instagram.com/p/B4aQcadHiwk/,saturday,20191109_041618
https://www.instagram.com/p/B4iEtQMnAwg/,saturday,20191109_041618
https://www.instagram.com/p/B4KsipHHZ1V/,saturday,20191109_041618
https://www.instagram.com/p/B3MnR1UB8J_/,saturday,20191109_041618
https://www.instagram.com/p/B4nUTc4gmYM/,saturday,20191109_041618
https://www.instagram.com/p/B4X22YKA6GU/,saturday,20191109_041618
https://www.instagram.com/p/B4IA_peHajp/,saturday,20191109_041618
https://www.instagram.com/p/B0lhKoNnVSS/,saturday,20191109_041618
https://www.instagram.com/p/B0mBnnTA3gl/,saturday,20191109_041618
https://www.instagram.com/p/B4pHnBQnytc/,saturday,20191109_041618
https://www.instagram.com/p/B4pHrqJJ0K1/,saturday,20191109_041618
https://www.instagram.com/p/B4pHW7MAi-i/,saturday,20191109_041618
https://www.instagram.com/p/B4pG-CjlT9K/,saturday,20191109_041618
https://www.instagram.com/p/B4pG7RzFdB9/,saturday,20191109_041618
https://www.instagram.com/p/B4pG3S_l7p6/,saturday,20191109_041618
https://www.instagram.com/p/B4KsipHHZ1V/,saturday,20191109_045245
https://www.instagram.com/p/B4aQcadHiwk/,saturday,20191109_045245
https://www.instagram.com/p/B0lhKoNnVSS/,saturday,20191109_045245
https://www.instagram.com/p/B4iEtQMnAwg/,saturday,20191109_045245
https://www.instagram.com/p/B3MnR1UB8J_/,saturday,20191109_045245
https://www.instagram.com/p/B0mBnnTA3gl/,saturday,20191109_045245
https://www.instagram.com/p/B2WLFqLFFyR/,saturday,20191109_045245
https://www.instagram.com/p/B4X22YKA6GU/,saturday,20191109_045245
https://www.instagram.com/p/B21y_J4nhij/,saturday,20191109_045245
https://www.instagram.com/p/B4pP8dJHHr8/,saturday,20191109_045245
https://www.instagram.com/p/B4pHnBQnytc/,saturday,20191109_045245
https://www.instagram.com/p/B4pHrqJJ0K1/,saturday,20191109_045245
https://www.instagram.com/p/B4pHW7MAi-i/,saturday,20191109_045245
https://www.instagram.com/p/B4pG-CjlT9K/,saturday,20191109_045245
https://www.instagram.com/p/B4pG7RzFdB9/,saturday,20191109_045245
